,eoa,grade
0,>0xE0e03ba22E14776DC972a50E6CcA5cEEdb3b972C<,Diamond
1,>0xb5EbF7fAC6F40583261758A7347E8EaA41935524<,Diamond
2,>0x9325EAfe32Eba5AA10787143Ea5bC3438A7F6d2B<,Diamond
3,>0x91BA7d1cB45cB17Ddd5526253a0c791e3d413bC5<,Diamond
4,>0x0bc99b862e5545d181Cc7bFA71720712527aCeEe<,Diamond
5,>0xa2AB20E4aA2Cfc44231161C005cBF6fD68BF56a9<,Diamond
6,>0x27643f4e2B35A18BCD55252e88F13039F4F81927<,Diamond
7,>0x852D31705ce7221c9a5d573A66B349cBc8F3D028<,Diamond
8,>0x9f5Aa14327fB4b61F6F7f1B205501fD1A66bc183<,Diamond
9,>0xeEB07faFcb5761394BE481f03F1048aab0deaDC4<,Diamond
10,>0x6422E2C298a4Ea629Aec041E491C7f55fA39dA41<,Diamond
11,>0xb39D022eDF05C31e1981f4F4D8137dDa9C57CFaE<,Diamond
12,>0x36db7DF1D5A563D6E707ffc976B46Dd4872A8BF0<,Diamond
13,>0xc1eF94C5a6De970Ce6Fb1f4C28af352bA046A63B<,Diamond
14,>0x77D63A93C90a9860AB07eE6BC7bc5BecAD1CBfDe<,Diamond
15,>0x6629DB6b40057e29d0593D895A350df94DC1e99A<,Diamond
16,>0x687670E9C58526D673aa22d6aB355d952819aFDF<,Diamond
17,>0x9a1E402D39cb2D49cf23E6767C6458126eA24631<,Diamond
18,>0xBd1eA07bcc208715e099588adD684eD78F3FF3ed<,Diamond
19,>0x5Fe9a92531Fe648666551a6cBaE2A7b817249c52<,Diamond
20,>0x0Aead38a4f99f8dAe8944d31EB703B6C7CeC4381<,Diamond
21,>0x5DE853CB6813f9Aefd25635776139d8C0AAaF77A<,Diamond
22,>0xCba9CCD786d6361d73f7105Afa7c5556A883966e<,Diamond
23,>0x18A428CE0c31584a21CF8ceFDb8849d8013E1994<,Diamond
24,>0x6D6ed67479D02d63A4A0F111A6D76fF93Bb2D23D<,Diamond
25,>0x3aF9b992EA26c43f4f3B019A3c5c7FE4E059AF25<,Diamond
26,>0xefA168D4231b1eD0711260360647DB6281c1EbBb<,Diamond
27,>0xbF45dd1bCa8067769494B935C69763ca29de85a0<,Diamond
28,>0xe99dc1864b1bea3EFd8b87d5CEc5b7b65ff23379<,Diamond
29,>0x138308323652eDd886A1418A80ee5e74A1bc1503<,Diamond
30,>0xcA2dead8B1EEE1B6809169a982eef01ABcE24078<,Diamond
31,>0x6339A73610969b50f0B91122bB90E231046b112f<,Diamond
32,>0x19Ba3eedA313577888C145a5d7053Df05471b460<,Diamond
33,>0xD8b00122B6CC0d44Fb3198fB675635272d516B7F<,Diamond
34,>0xE4c140a67A3A95913a6E2FcFc6d6434d94C07641<,Diamond
35,>0x0057BD83a142Da84B6404616C683e21e7Dd6fA5f<,Diamond
36,>0x161619839EBbADa5d3C279E1A79C50F7fc4274D6<,Diamond
37,>0xc6Cda6a69DDc8200Da1140546dF8E830F5e7827E<,Diamond
38,>0x26199b5dD7637D8dDd76fcfe31ec1EaDEe25e275<,Diamond
39,>0x3E3F22da9a50D22694c452c5Ec39B907524373b8<,Diamond
40,>0x76CeBB65B78987A9291A83dc27f010c2603eC3e5<,Diamond
41,>0xDA615562970f622B1E174B335c9e3B2a96264B14<,Diamond
42,>0xB6D2e7EfEFce4c13ef98b1A69C0677725B08BabA<,Diamond
43,>0xB06e5CE2Fe560FAc1f4C4e7537D60A82d82359E3<,Diamond
44,>0x85cf22d065b1F686faa6Afa96C2C5Eb7dc257239<,Diamond
45,>0xB6BF464940220C4202CD22674D3D1DA225C9923F<,Diamond
46,>0x55E86864ddE83bdd7Ef9F0d1F1765ebbec3A7934<,Diamond
47,>0x5D0CbF3ABc8701706B36179BcDB0409aA1e44640<,Diamond
48,>0x571061B1BFF2bc8f0967f5eDbafEFFf36c932CDB<,Diamond
49,>0xaca3365a1A6DBA0839b3B56219Cf250eBB9F32f1<,Diamond
50,>0x66342CDb636aba7b1CcC2F95EFABbC7bA3B1947D<,Diamond
51,>0x73018f39C3B9652601EA12BD7F42f3F921198C4A<,Diamond
52,>0xf7AF0b2277a6cAa0D8a3A1B1eA21F5C6E13dCA74<,Diamond
53,>0x9254Dc142566bBdefA0D44411D67cC47d3cE41Bf<,Diamond
54,>0x77F7F8c188b3590FFA6426536b199fd84416D667<,Diamond
55,>0x56d53a4402A7b8F4aD027cfb421fF60e865F665b<,Diamond
56,>0xAE60a8CBC37cfDE7aE14047C95BDCA81AA159ae0<,Diamond
57,>0xCB06551543A48e812D72E00BF88C4eF80a29208e<,Diamond
58,>0xa4f4d8b87AF48e72015b8d6446DF79033D41c427<,Diamond
59,>0xE456ff3e321be2675A5aEB56b3623586254C3419<,Diamond
60,>0x930DaB128EE82C5EAdaC116bd1A7f0618110AAdb<,Diamond
61,>0xFd3719bef669f5CeBBDA47B69E7814CF413e9517<,Diamond
62,>0x0705b3f95211B829aFEC43e3Dd3bb8BD4aCEca20<,Diamond
63,>0x668B6724F80591FC5482Aa628017Ee6338898E52<,Diamond
64,>0xBE8C93a8C18AF63aAB449994AFAc13E71240ccC4<,Diamond
65,>0x664fD1a25ECa57A02cc1d8249dee839b9FD7f755<,Diamond
66,>0x219d4Eb4B62972862a6B38D130427aA92eaE1a69<,Diamond
67,>0x50b13b54C917171a03CEb8216f3990535fC18097<,Diamond
68,>0xdDC570BAFD31c4a3545A3D742b9d022e78a9cB7F<,Diamond
69,>0x1F2b6dCff8b9c35EA8b4dAED42A7772eC1014276<,Diamond
70,>0x04031ff90Daa5CE7fD90BE871933B46889653f99<,Diamond
71,>0x639FaD44e324329a726cc1845A4B7f3AB2ac1DAb<,Diamond
72,>0x1c0eC596303Ce6666f5a4D24c29e78Cf881cb5d3<,Diamond
73,>0xddF8eB9ABE01C6bAF5f1308A3173A69F95FA6cE2<,Diamond
74,>0x3749Ac4c96c9D92DFF122f7822e2Db9dD4cc7D15<,Diamond
75,>0x8a1CFc56923a2E02B9fEec98A3a4f9F6e3cEad6b<,Diamond
76,>0xF84B9E57628Da8A8167c0f84C266F70Ec0863510<,Diamond
77,>0x06a6Aa05760613Ae19c73E66c545aB9d9Bb3f447<,Diamond
78,>0xD0B744A3CEE6C07814a889ecd4ebb3dA1D4252D1<,Diamond
79,>0x86DF6fB7D87Cad5683a4b148F1E5aFa6cb4633ED<,Diamond
80,>0x8F771a8E8BA888F2b06cC75747eE59FA9F7613E9<,Diamond
81,>0xd48d664965286ddea41e97784d079de981d099B6<,Diamond
82,>0x960cC811e5eF36760f5c679AF90e821B10385e04<,Diamond
83,>0x5dFc833B3E853f3e0d8d7B5BB2d2a66dD2B9d061<,Diamond
84,>0x0C1633e0BA164a9DEf56d86d7c46afCBe4d28a77<,Diamond
85,>0x4186C746D04cB987b795822d50ba6713851d1D2d<,Diamond
86,>0x3f80528837E792b23777977fA3AA7aD8A3eAb4e7<,Diamond
87,>0x05c254989526b621ceD514f5daD9123fE4B803Fd<,Diamond
88,>0x4a2Dd4b190B6Dee6939709278b659eD5Ffcb9d92<,Diamond
89,>0x04Be52434EB64aDdF373137310551ac42013677c<,Diamond
90,>0x681099977c323282BB30BE500139B0D9a4F8d9cB<,Diamond
91,>0x788A8A180F27f86B2148fbD7836ee6F0794D9296<,Diamond
92,>0x41DF0d7108aA67Aa76D8072a91Edc2FDdBc9783a<,Diamond
93,>0x23B97Fb0301883863bBBd8238D11fd51e95e7315<,Diamond
94,>0xf07ffbAf4a7999FfFAB3dDB47e7f74364B6Fd578<,Diamond
95,>0x0e905F4AcAbf5914b71d2FdE1427a46dD2a037c5<,Gold
96,>0x896aEa93ae29147E810059C75390EF4BbbEEbe29<,Gold
97,>0xa2676434160DF812594D53A51a63A46981411C2A<,Gold
98,>0x7B15A0A2bCB856c3BD5DCfA8798Eb29D5852D74d<,Gold
99,>0x2C7ED5966fA687e84d6837Ee2EFb29D2430112f5<,Gold
100,>0x20D236B1800f2B597Cd64D920b71D36b87991f30<,Gold
101,>0x2F595C056e785E13579128DF27cAD2968d034BA4<,Gold
102,>0xc2fF8b2Fb8082c811B310cA1c2D5cB235F3059bB<,Gold
103,>0xC5232A75366a9b40a616aA606636548db716f038<,Gold
104,>0xc2552747697ad2eea67Dd75E10F7933A62cEb64C<,Gold
105,>0xd1a0931de7a002D0D47117404BcBB3443faFb618<,Gold
106,>0x5055DefaCe85f86112E31A2b9694E1F0e9e23961<,Gold
107,>0x28beb6Fd342F7F41c0eBe086F78e43468c7A25C1<,Gold
108,>0xc9f52c0d4b3b4A35ba507d3AB99A1df0479018f7<,Gold
109,>0xA24db1Dc8CE36C960BC4517d4B1eB3f3e7c10FFF<,Gold
110,>0xC4A6312A5d5af3C03D546fA287fA1F883b3DB749<,Gold
111,>0xD23Cca1d288eADED8667a7d4765D0033641F4C60<,Gold
112,>0x7d3a7Ad44bFcFc0962709ECE4c149128717906B8<,Gold
113,>0xe01Ac109D51C4D30aACabB2CbbF7dD0dDEfE07A0<,Gold
114,>0x6C8a70bae601E97F2c885f640D5c35B2A1E805e3<,Gold
115,>0x2b3CE0006E3d8F7aBadF8b0c3f68aB9cC3BfA49E<,Gold
116,>0xA4138f4f5ed55CFD883BF255BB7a99Df824f3159<,Gold
117,>0xaaD610d7afD65890784549761A45B76150E8Fad5<,Gold
118,>0x4eB68eCF77639E64C9ED0826978940Fec1BE9F3f<,Gold
119,>0x62c3852419a71d70Ff05fDEF83CDdABde533b3e4<,Gold
120,>0xADb84F68596f9E9ec7b79E15C61c02b7260B118e<,Gold
121,>0xCAAf10244E0F891a2C4f066F3d137914b47F1DCe<,Gold
122,>0x5E927d6d547254dcFaB48C18B2314757ab931150<,Gold
123,>0x621bc3df852E42e04196bc150D5ae92Dc11D4d8E<,Gold
124,>0x8b9470b0c7453544de3D464936153368bBe5eF03<,Gold
125,>0x263A13fbe5416661d8ff67C5D98624D1553900ae<,Gold
126,>0x451248229712D6F207ff9466d8D3A33CB59d103c<,Gold
127,>0xA44dd0CF1de1C461fDE0B7B92C374789B59784C9<,Gold
128,>0x09E3c4bf50a15225d4087FE089282CB5506DCce6<,Gold
129,>0xAc10E326fb497f22BE3bceefBD050e74CBc2e394<,Gold
130,>0xb7338951d8aaF32Ec72E72Aff962AA0Ee315CC6B<,Gold
131,>0x827c09e905C42a1cf30164d3fAb36fbE777e6fC4<,Gold
132,>0xf17a0F334D43e343347335b0Fd673795617E9f1D<,Gold
133,>0x26260b28Ce15a5Aae6C61283693F6C677Db05953<,Gold
134,>0x26D03EE5591b3999Ef2DF9E01E5FE7a81f3a9E8a<,Gold
135,>0xE729E82C62bA98Ee226DbF680803CFB4189DBE30<,Gold
136,>0xC1196C46559203fe1e3ffE05009fdE59795A6385<,Gold
137,>0xB1D8AF0C0ef6AbC24f6642263A4CF15349c69310<,Gold
138,>0x17316883E44d24A2913F487A0c3d1054c5063d69<,Gold
139,>0x43cF6d975661F0ee3b4536A79C4B5b99E4f385b9<,Gold
140,>0xE2f9E2d5A58580bF1d695C0357ffFfc33C01b1d5<,Gold
141,>0x0d36dD40FF721aC6E3f40FC3e36A5566609A03F1<,Gold
142,>0xC33e3272D29d0cD5A7371a3114080FFdC333E892<,Gold
143,>0xE76a6619581dD7122Bc127a6F018BA035B182AAA<,Gold
144,>0xa748BA1119Fbd1D5077D7504552e53da969428cb<,Gold
145,>0x3BC78C5FB49F5A50aED564DABea2512B0fAd37E6<,Gold
146,>0x726d07eA7b1983f35055bB288Af78E7480bD1242<,Gold
147,>0x49525c292f006396aA78D3441Ee73ee992ef3183<,Gold
148,>0x62Ec589cc2A82816599A7C6f9d145A62D90C17cB<,Gold
149,>0x24AD53649Ac401138E31Cdc893cbE86073117be6<,Gold
150,>0x4ce7D126DCB606008A711B46c2d8DF50D88e4244<,Gold
151,>0xdD8E898B37EAF390CF53790f2ea2CABeDac7afA2<,Gold
152,>0x7342e456947e56250d2851FF467fA7743CCd9fbF<,Gold
153,>0xd973b5Ad311d8d84D90166b17335cACac1263bAB<,Gold
154,>0x8E118bbFfDCC009b1D46423868F7a49F8bcbBFcC<,Gold
155,>0xaec80B4fbE227198720b1d1B82a12968bAA0B144<,Gold
156,>0xB346d2E0685eBaC08Ed05Ce998622Fb523dA3245<,Gold
157,>0xae5A48E555f5DC7300896B7a12Ac64813BCcad8c<,Gold
158,>0x6BF7550BF182b8428e2cf4fC640ED884FF8C7a57<,Gold
159,>0xb6a960e019E2068084BdD23fbc26593bb1965CD0<,Gold
160,>0x56b64647B164cAb358263Ac6BE9b418f64ec0709<,Gold
161,>0xF9f2Abcc9df889794b60f0791A784F5a97d32920<,Gold
162,>0x38B0aA025b0A6A134cd6d940Ce37df6978BbA6De<,Gold
163,>0x517E6E444fb0E565CF07597e8FC692B2C05E8Bda<,Gold
164,>0xB3BD192d80fA4f40a1d851E81C9cf196a3A7d632<,Gold
165,>0x05c9f9Ea62c3C69dDF7221446d7Dbf4E04b0c408<,Gold
166,>0x1B21B2D0c32618226f9745340bCAe30AE4B507f3<,Gold
167,>0x6af6D4c57b3d48D614ECc52f6C25242783Dec71A<,Gold
168,>0x5B9f0Eef7bfBD54ba21cD7409BBdFEf12136421a<,Gold
169,>0xa603da977F4DA790D8f3d0fF42DB79caCC6F6960<,Gold
170,>0x5CfC0Af2db55938B879c5Be94D0cd860Ec2DB029<,Gold
171,>0x8Ca60eB7C8D4DE486986335166E1C9f6b3982029<,Gold
172,>0x8D79069A3642D044330F065e2688639C226C2289<,Gold
173,>0xb44e639dcA7d7A0F0bCe135599EdAa9f1FbBbD6a<,Gold
174,>0x6BcFB1F96A3d270F00dEAb39Fd50e78096576113<,Gold
175,>0xa406350e53C905c881Aa346cF14c703A52A9B593<,Gold
176,>0xfF659F9c29D69A078f0D868cEb18e9c6E7d8F4Fe<,Gold
177,>0xEB4872B4c995f6613077090438EaE69CfEFF142f<,Gold
178,>0xF4e87A350Ef2E2d7917a229748beFAaA11Ac33c0<,Gold
179,>0x7Ad648c1d96D208c09712DDE7791921D3E6DE434<,Gold
180,>0x13B0D26d0703Cd7A13a52E4bfb90a48887e559A6<,Gold
181,>0x765CE21d34164B4ef7B362c3835f60a711b5F554<,Gold
182,>0xE000adB6f47C7461694Bcb69Bf51BAB8087D819d<,Gold
183,>0xdE6F17794861E1E13104285Cd2dabFC478BfB679<,Gold
184,>0x956290cae406BF01a4047035f1a8975Eed11D1E4<,Gold
185,>0x993192a774609176f59325E9C0aFd0641917D0DB<,Gold
186,>0x93Ef4743CaD66D1707cf1E98464A11D6970aA399<,Gold
187,>0x55A67298aD97162136ba3F4dEbc5a84857cdb2Eb<,Gold
188,>0x6FB3071447c444E51F7b282a76f06F811e21D3EC<,Gold
189,>0xfEA310e868466201E881866e75232e1Bc2B86E0c<,Gold
190,>0x811df83148fA178c1Fa9f80B9F07e1DdA5a9c191<,Gold
191,>0xBd4718eDcA87EbbBC9F501938b4a7Bb6dd6F8B86<,Gold
192,>0x253a1dc6BBad8A62a8e8F7B21214FEa2B78CB77E<,Gold
193,>0x3CEFb79aF1F4126DC679D52f5f7458A25CE74B42<,Gold
194,>0xA8213ad427CC7C16cf6248e0653553bC3008A191<,Gold
195,>0xa6cf43fE0B47D5Da8f03258B37F1cAf148955019<,Gold
196,>0xCcEbE8104A3aa1a440461f5F4f6c38FBdFB30802<,Gold
197,>0x3D0BB03c7CbB0Caf3B10dD152bEA10afE2852181<,Gold
198,>0x107cd74419DfC9FF01975e652597c5a4b6706460<,Gold
199,>0xe1Da425d1880D3243f9Dfd3c9C2C3f09E73ACd6d<,Gold
200,>0x53baD4E06b7b0244927BB03d43F3171C4b0349BE<,Gold
201,>0x0c183b19cf8a07bB4319729150b0b3B4841C0866<,Gold
202,>0xCF43e9A2F9ED4810de89aE08d88445D8CcF63aB1<,Gold
203,>0xc1C47C47c0cB4E6E4E6Cba1DE405fe8B06b8E564<,Gold
204,>0xc8C3e484dDF92069eb3226dF266C2C262902D835<,Gold
205,>0x3b5569A21010a908eA9aCaCCfa9a21dB41292b43<,Gold
206,>0x5406a48f5de499c08BfB8939A3B9e66c1957d72B<,Gold
207,>0x1D932E6489B5e4091eE078db497799237b354191<,Gold
208,>0x9583Ca25eC7770B1d575D0c4C76B79cE257e6645<,Gold
209,>0x8D339490827b323295DA0A003096e18b0Dd99A2F<,Gold
210,>0x697D13930A51A7a9DedE42e48FCB0b7043918917<,Gold
211,>0x9CCB89c59E0040Fe96814D02832Ed6533cBADA55<,Gold
212,>0x0AB89d33Cc455105c56A6E9381BdE16e0d6D9e40<,Gold
213,>0x43f9873FCf56B25F605A45B89169213FF0fC9eC3<,Gold
214,>0x18376a0E6f2975013D2866407ea4f4e2fF01B510<,Gold
215,>0x407f9e8c06371b9F2b2fAA4F98c233253d817308<,Gold
216,>0x65a7De07F2Df7564421b3a942cb0699b357B91cE<,Gold
217,>0xB817F347Cc5dC77DabEb45Dc071Dc4cA80b28E16<,Gold
218,>0x1ccceDE48295654B7e48333b47f54d24C4d612D9<,Gold
219,>0xDe5701C91E479888878f9AEbf1DeCc0B10D88cB5<,Gold
220,>0xf455324F5112F4370d30a36dE2AF8255d61d391C<,Gold
221,>0xf89be918c3d9989DD1e454bd21E1fc3aFb7E6EEB<,Gold
222,>0xb90440Ee1FAc3172A630470F4aDcB99d0fEE936D<,Gold
223,>0x4aC4Ab29F4A87150D89D3fdd5cbC46112606E5e8<,Gold
224,>0x97cD70611075e6eae5d64A9908D6fE2592438C88<,Gold
225,>0xb5cBB2f3B5d3A72a88aF6c3739579A18D5235755<,Gold
226,>0x12D7145dcE155f2b586CE1B2DfFd267c69b86385<,Gold
227,>0x4cF5DB7f72766Df7Fa9495F5afb1e0B4a94c3978<,Gold
228,>0xFDd4186383fafd6bD41d0c59eD84708dfDe004ff<,Gold
229,>0xd944633d12e0ECf7e88D6b6248bC192d2e24226d<,Gold
230,>0x9062A96B9E947b2b57283e705c97B871f5eB6561<,Gold
231,>0xe74d20083455d354708D67d8CcE31871E0a425F2<,Gold
232,>0xBC0A24a17CaEd0DBca77e564159c188C7aaaCab7<,Gold
233,>0x3785F0272F5e19dD2c27977eC2D91195BB2AF801<,Gold
234,>0xdAf08467BE187fDAD0DB1df64b8cbD20F60AB370<,Gold
235,>0x4D8BD62C7Cb6769795410C5d1209cc09bfE16C60<,Gold
236,>0x8c0d5Cf17365Df315b8d334eB5552Be9F7Ff3978<,Gold
237,>0x90B7903F465600923CE2A18c0aA222bA79784b6A<,Gold
238,>0x32eD0c6b445a0e5c413Dc583106583E19Ee39dBB<,Gold
239,>0xEeBCfeF507D6109D87689811F5d85d89D30caE76<,Gold
240,>0xe80088863766AEE6d80E2Ff6C85A9187F6dd85a6<,Gold
241,>0x852926150De3854D61319021BD88F239C1Cc4C38<,Gold
242,>0x59512422AF0709c7CaB8285838975Cd8D7C7CE7d<,Gold
243,>0xd114fE967B1d6A10E21A89868369C1EeD669A560<,Gold
244,>0x6aE40A6fd30B9e627A1314D2Fadc4ed96D34dbD7<,Gold
245,>0xd40bf250ac782434155b93d91DE08236f50460a6<,Gold
246,>0x2916D837B5F3D4E83df9c6DB717356Bd89C6e9A5<,Gold
247,>0x9f1842a615a14BCe5723f4C5019D6f67c889B632<,Gold
248,>0x0D12E38FFA27f2E676d332c5f3903E302d032408<,Gold
249,>0x9C2c3b36FbCE13eFB602750eF3403291824fa338<,Gold
250,>0x2ffe1CebBD2e6934f1A9e2BC4A0940d8c78cFf6D<,Gold
251,>0x6a6e0a753C927Cbd77c1cf97820A5AD496B74A16<,Gold
252,>0x324d9A28403839CDEdf36600Fa735520f18Dca64<,Gold
253,>0x4557144F54Bc5D129a875a532C21Db18481900EE<,Gold
254,>0x81Fa725f8ceBd030939aB8B649507f733101AE95<,Gold
255,>0x711888263273D7e6D2179DDB5B3fea4B41921911<,Gold
256,>0xA0837778BC9A735924bcF4C98E64af6e8DE42cf4<,Gold
257,>0x29a65d830516cca6E694be90d3dE3CC19f620eA6<,Gold
258,>0xafD1798233fbCD623EeA576A80d555Fe9c501b45<,Gold
259,>0xb996F5f0Be1Dc903d39F0256DF7a47d59EdD5e2f<,Gold
260,>0x3587dB7daB8eed84962bB5F7A52AB875FD20aa46<,Gold
261,>0x64bbBeC4730BfD30Fc7476a0b353f49B108B44f2<,Gold
262,>0x2B8655383305d07DFd0dA40459a9DaD61e9918aF<,Gold
263,>0xBCd9FDc648F1134ba00d0d8070b77F296C94Dc1e<,Gold
264,>0xf331f8Cbcd9100292258D2a1986A4a2e7435e453<,Gold
265,>0xb3902CD8318c4648e18dfE6afCE125A331F1A787<,Gold
266,>0x93AeCdbf7ef234D7A240974293a969e323C376C2<,Gold
267,>0x6A9ee69B6781C18164ee9F7C58f1763BcFfC7c51<,Gold
268,>0x53dc3204f2f294f6A5649a36AC295f74A0dB92e0<,Gold
269,>0xFF78baD7F3FEfbf552a2978E1455D0126dA9BA76<,Gold
270,>0x72b3DAf411912561836DeA10e2Efebd6F81ec209<,Gold
271,>0x1B30c84e244361a99Be770Acd57ACE184983c83d<,Gold
272,>0xF0CBf1B2D0888E744005f5d603a03a5c4aDc31C3<,Gold
273,>0x343Ece916dA848F6Ab5eC7523c29A9c0e9400958<,Gold
274,>0x6E2a2acC7253d38e0891F439a9815bEd3771E305<,Gold
275,>0xEcC3e7E76139274Cc12Cb1f0dE1645732DD67Bf7<,Gold
276,>0x0Ad979278f3b5b6576620F48161355c4D5E0766A<,Gold
277,>0x980aA416e2d67FC97c671162d8Ae261C105b2043<,Gold
278,>0xCe4D4bF74cf639d99C26803F6Dbc0A8054329C16<,Gold
279,>0x8664CedFBFD62980211ACEfcd4919C72237D801B<,Gold
280,>0x72Bf07f4A11E9657f56250B560Be11A63cA16757<,Gold
281,>0x7Fb3b6d222CE75121D0edD4cE0248EC10b498b3D<,Gold
282,>0x6C1fEca12c7F4Ee37346789ee5F2B51966e1dC14<,Gold
283,>0xD2970eeCfc0cdCB8e94b1D05fc825fcC43cA1c53<,Gold
284,>0xE2551950F53e519D8f2CFf42a3b418082827CC3d<,Gold
285,>0x85d1B4acED9027D8E714874Ce4CD9017E3Bb1C32<,Gold
286,>0xF68500D8Ebc678077A9388Cf0Aa570536613f17C<,Gold
287,>0x416669A080eFaa174226b26Bd330A227d3449F1d<,Gold
288,>0x077C5d343e226E7e152246780be2BCa2AF91631e<,Gold
289,>0xf7c6382Da0A3ee08aD4c201b01E33e122600Ab6f<,Gold
290,>0x79B42A6A7b708ec06eE807E4B77b3d449bF7AFB8<,Gold
291,>0x4B11F86a69ed65E8e2266d936c55dC66f43dA055<,Gold
292,>0x219C59a99fb5134Db62382f3CB3A88C0c15B6ef2<,Gold
293,>0x1F1ADCe71f9776cfBFdda7e87500b7c5FFAc4aDe<,Gold
294,>0xFB2165f4AbEEd496B4EDd3234C4CC09f1557226e<,Gold
295,>0xC9E3D84E62cC145fF76Fd90859CBd46b5C665941<,Gold
296,>0x8C59eB7f0fF13fE71E916b5A1039bCa73B0C0021<,Gold
297,>0x2E31bD290416f095Db77C56cb2a2CE7ea4511872<,Gold
298,>0xF3062faAA61CD4Ee6E8705135A3Bc6419CD766B2<,Gold
299,>0x17dC32FAa91b1211b2E991f08b8Df4b6D4780BbA<,Gold
300,>0x25e4723F5859952D807ca1339E010c30E06656af<,Gold
301,>0x6083acA8248Cf7F399033DF396809bf72d0B581c<,Gold
302,>0x2B2Ba7547FEa61596f0124176D68B959C891CB38<,Gold
303,>0xfC5b2D51fD03b13bF440eb9e0c7B1D94b1b77BB9<,Gold
304,>0xD5C196b5b67e624738D85AB5A98534e68FD2C88E<,Gold
305,>0x03F182ec7474877EC8d830a5Fcb804FD132755c1<,Gold
306,>0xc6D15113E2FC44064e2CE8dF7A5c38e01ad6bcd5<,Gold
307,>0xbd0eC71B9aDA90ac6C1428cAfd45fe2fCA367665<,Gold
308,>0x616C9F0Aaa13D3587B9Fe6F513DF62522F7D900C<,Gold
309,>0xDCa30c99B25188e3449B4e28B5D96f689ca64005<,Gold
310,>0xc4281577011bca3E2464bc43B2E36a64FCB542a1<,Gold
311,>0x1B99EAc6E12c0080151A897C36eBba0BC7F9e954<,Gold
312,>0x67882422DC2eD49Ca1057727AFB8601568544aB5<,Gold
313,>0xb731eF1D26227e1EdF48F9833E6B48EB11154917<,Gold
314,>0x4abE0903Ee68883e693293037973f5926827Eb03<,Gold
315,>0x90Ed12c423cEE6a0CCECADB1C87482733bE3eF26<,Gold
316,>0x4a60A526c642ce63cf3Af8ff68b3f5F222611fBe<,Gold
317,>0xe9bD415d5d543B5d4FE12Ac2Baa52cD9ca026F46<,Gold
318,>0xF7dC9A8f66701dcf91808f00d356249b351eF4CF<,Gold
319,>0x4b554240D58a9D75326F8031B7087903034E66FC<,Gold
320,>0x489eF5FC27e7BbFa4cfa1C8D5eC197dA3D1BAE54<,Gold
321,>0xB8b7ea41CFA41eE65623C93cC4f9eb68D80bcA13<,Gold
322,>0x0fa11D9d60C102eDF601ee5FA11b84e640541982<,Gold
323,>0x9e825De7d9f9876B35A2785f50355CCC59F22541<,Gold
324,>0xF7e74A9a394226058E14BFc17deafDB76eeBbb25<,Gold
325,>0xa44e05EdcDd376476f9aB94D8247188f7038C54b<,Gold
326,>0x06f65D4A643940d104EB608BF47B64Ace9e4b60C<,Gold
327,>0x56aDe75750B3B0f7629e77869B178e2EDD360F29<,Gold
328,>0xb054675aDD7062E2a708bA7C211fb0eC1F56B8fA<,Gold
329,>0x8DF5d18F91333F5591E9331b460d5e501C43B4b3<,Gold
330,>0x35e939c53B208CCec114c6b92f6d754b023dff4D<,Gold
331,>0x138732Bd8109847f5CB02541ECB17d24b1e9ff6E<,Gold
332,>0xA3176cdB52Dd85290E72B2c486Cf6149ab38Fd32<,Gold
333,>0x6049c0e5C4ef4463dba8B80B6515195F7462C65E<,Gold
334,>0x525c62A424c35bBDAFD8830C04e1867b6625Dba1<,Gold
335,>0xB3d3C522A44A39DAdf9CBd649cB5F3D85b63F691<,Gold
336,>0x329f4435E0F22899b733756c71AA12C1004146B1<,Gold
337,>0x4496c474a0768384841EBc0aae87BeAeab7261a6<,Gold
338,>0x00A0E299241C264209B52ECE9649Ed577F077853<,Gold
339,>0x8eAa72fe26Ab8e42e41C950887F61E85e490911c<,Gold
340,>0x098beDe5133f6da3D3D8fADc046d26980cc1eC50<,Gold
341,>0x108C07764a22DFCfFD08F0EB1a74e12F57002809<,Silver
342,>0xFF79Ad62D19066E43B99eEd19f94E11b0E0B5688<,Silver
343,>0x542aF4Dda22Ae22BAE41ea32FAFcfB6aF00D8ac5<,Silver
344,>0x9b18e9e9aa3dD35100b385b7035C0B1E44AfcA14<,Silver
345,>0x83F097475C0d5feaAeA43cD42781D4313611A0d9<,Silver
346,>0xc4cbf8f4C59570450df297cedD3963b7E1F60652<,Silver
347,>0xa1bc9F613297FE6201da0ffe5bF7f086A51CC365<,Silver
348,>0x9c04c3186F5471c4E58db47ECFdEeda92C1E8CB2<,Silver
349,>0x1279249174eC07a2Cb3f057bDc43414106183d4c<,Silver
350,>0x5bFfCD8F4809E29bCAcE4C9c21e0C3b6963eCec1<,Silver
351,>0xC846b4532249Ba200a2f40b011aA8A770266baC2<,Silver
352,>0xacdD8A3eA69e962CD70c9b32CB4E7184F7863dA1<,Silver
353,>0x508f1b6C5eb1e0F9d48795C848d87288BaE13a46<,Silver
354,>0x8Cd4CA0AeD6B915B68e75E3D0854a73bB977979C<,Silver
355,>0x4326990033eCd87A5444383Cf8c715E696301910<,Silver
356,>0x3f4d0a6654c8365B42DcAa8AA92d9034e2A6141f<,Silver
357,>0x984683042ddb484e074117DC7C7F367De1d11e98<,Silver
358,>0xE7228E5631bFd293288dc8EfD5fc2403E581DE2e<,Silver
359,>0xe2F3c30B753F71BDBF1258D6e09FD3D2adF549dB<,Silver
360,>0x0De156cB2202C682B41D3fbE8b785238ecF3F647<,Silver
361,>0xd164984268bC6e81Ce9a5109C955b96E4edBEE89<,Silver
362,>0x9f24Aa4aDC816066D71f0d7362f89c6590Dd8e93<,Silver
363,>0xF3551c1d8AC61569E482ABc05EefAE4ccCEF32C1<,Silver
364,>0x3e1A12a6019ee26418F22B656926fE38F5e58C5f<,Silver
365,>0xd24c941f5Edbe451395544658c0dF6dF056c6aD0<,Silver
366,>0x42f7061ee77094E31F5aC69E6F76D8054bB7495F<,Bronze
367,>0xba540Bb14101cBd4170DF90408C0B9EC6c86273c<,Bronze
368,>0xA7AfC2C6e37D88D6D7464Ee0a48ec540024980DB<,Bronze
369,>0xe4126Fd057ab2fC08B6cE2621De4C3bc56464101<,Bronze
370,>0xb4e8865edE93E5b36CA856788C7C9D7Ad4Fe409D<,Bronze
371,>0x6Ab26A36E97a4D25E7256162c4E5A633b0E65e34<,Bronze